SN492;1ère Année;
SN494;1ère Année;
SN493;1ère Année;
SN500;2eme Année;
SN499;2eme Année;
SN498;2eme Année;
SN497;2eme Année;
SN496;2eme Année;
SN495;2eme Année;
SN584;2nd tech (BP1);
SN579;2nd tech (BP1);
SN582;2nd tech (BP1);
SN855;2nd tech (BP1);
SN580;2nd tech (BP1);
SN578;2nd tech (BP1);
SN575;2nd Tech (ESF);
SN577;2nd Tech (ESF);
SN574;2nd Tech (ESF);
SN568;2nd tech (IH);
SN569;2nd tech (IH);
SN567;2nd tech (IH);
SN570;2nd tech (IH);
SN572;2nd tech (IH);
SN761;3eme Année;
SN759;3eme Année;
SN760;3eme Année;
SN758;3eme Année;
SN763;3eme Année;
SN551;4eme Année ESF;
SN811;4eme Année ESF;
SN814;4eme Année ESF;
SN808;4eme Année ESF;
SN813;4eme Année ESF;
SN812;4eme Année ESF;
SN809;4eme Année ESF;
SN920;4eme Année ESF;
SN810;4eme Année ESF;
SN576;4eme Année IH;
SN573;4eme Année IH;
SN557;4eme Année IH;
SN566;4eme Année IH;
SN552;4eme Année IH;
SN845;4eme Année IH;
SN571;4eme Année IH;
SN563;4eme Année IH;
SN865;CinquièmeM1;
SN486;CinquièmeM1;
SN868;CinquièmeM1;
SN450;CinquièmeM1;
SN474;CinquièmeM1;
SN459;CinquièmeM1;
SN478;CinquièmeM1;
SN477;CinquièmeM1;
SN470;CinquièmeM1;
SN448;CinquièmeM1;
SN482;CinquièmeM1;
SN869;CinquièmeM1;
SN468;CinquièmeM1;
SN473;CinquièmeM1;
SN870;CinquièmeM1;
SN455;CinquièmeM1;
SN471;CinquièmeM1;
SN449;CinquièmeM1;
SN464;CinquièmeM1;
SN465;CinquièmeM1;
SN491;CinquièmeM1;
SN447;CinquièmeM1;
SN489;CinquièmeM1;
SN469;CinquièmeM1;
SN871;CinquièmeM1;
SN445;CinquièmeM1;
SN873;CinquièmeM1;
SN472;CinquièmeM1;
SN452;CinquièmeM1;
SN487;CinquièmeM1;
SN867;CinquièmeM1;
SN462;CinquièmeM1;
SN874;CinquièmeM1;
SN461;CinquièmeM1;
SN466;CinquièmeM1;
SN475;CinquièmeM1;
SN453;CinquièmeM1;
SN451;CinquièmeM1;
SN476;CinquièmeM1;
SN484;CinquièmeM1;
SN479;CinquièmeM1;
SN488;CinquièmeM1;
SN914;CinquièmeM1;
SN485;CinquièmeM1;
SN875;CinquièmeM1;
SN483;CinquièmeM1;
SN446;CinquièmeM1;
SN456;CinquièmeM1;
SN490;CinquièmeM1;
SN467;CinquièmeM1;
SN463;CinquièmeM1;
SN480;CinquièmeM1;
SN458;CinquièmeM1;
SN481;CinquièmeM1;
SN457;CinquièmeM1;
SN460;CinquièmeM1;
SN454;CinquièmeM1;
SN804;P tech (BP2);
SN805;P tech (BP2);
SN806;P tech (BP2);
SN807;P tech (BP2);
SN801;P Tech (ESF);
SN803;P Tech (ESF);
SN800;P Tech (ESF);
SN802;P Tech (ESF);
SN553;P Tech (IH);
SN554;P Tech (IH);
SN555;P Tech (IH);
SN556;P Tech (IH);
SN835;P Tech (IH);
SN558;P Tech (IH);
SN559;P Tech (IH);
SN560;P Tech (IH);
SN561;P Tech (IH);
SN562;P Tech (IH);
SN564;P Tech (IH);
SN565;P Tech (IH);
SN22;Première A4 ESP;
SN23;Première A4 ESP;
SN93;Première A4 ESP;
SN86;Première A4 ESP;
SN24;Première A4 ESP;
SN25;Première A4 ESP;
SN26;Première A4 ESP;
SN79;Première A4 ESP;
SN27;Première A4 ESP;
SN28;Première A4 ESP;
SN30;Première A4 ESP;
SN29;Première A4 ESP;
SN31;Première A4 ESP;
SN32;Première A4 ESP;
SN33;Première A4 ESP;
SN94;Première A4 ESP;
SN97;Première A4 ESP;
SN34;Première A4 ESP;
SN110;Première A4 ESP;
SN35;Première A4 ESP;
SN36;Première A4 ESP;
SN37;Première A4 ESP;
SN38;Première A4 ESP;
SN39;Première A4 ESP;
SN40;Première A4 ESP;
SN95;Première A4 ESP;
SN41;Première A4 ESP;
SN43;Première A4 ESP;
SN923;Première A4 ESP;
SN90;Première A4 ESP;
SN46;Première A4 ESP;
SN83;Première A4 ESP;
SN47;Première A4 ESP;
SN49;Première A4 ESP;
SN50;Première A4 ESP;
SN52;Première A4 ESP;
SN51;Première A4 ESP;
SN53;Première A4 ESP;
SN54;Première A4 ESP;
SN55;Première A4 ESP;
SN88;Première A4 ESP;
SN87;Première A4 ESP;
SN56;Première A4 ESP;
SN57;Première A4 ESP;
SN58;Première A4 ESP;
SN59;Première A4 ESP;
SN60;Première A4 ESP;
SN96;Première A4 ESP;
SN62;Première A4 ESP;
SN63;Première A4 ESP;
SN65;Première A4 ESP;
SN69;Première A4 ESP;
SN109;Première A4 ESP;
SN68;Première A4 ESP;
SN70;Première A4 ESP;
SN80;Première A4 ESP;
SN72;Première A4 ESP;
SN74;Première A4 ESP;
SN75;Première A4 ESP;
SN82;Première A4 ESP;
SN85;Première A4 ESP;
SN77;Première A4 ESP;
SN409;Première ALL;
SN410;Première ALL;
SN411;Première ALL;
SN844;Première ALL;
SN412;Première ALL;
SN822;Première ALL;
SN413;Première ALL;
SN414;Première ALL;
SN823;Première ALL;
SN415;Première ALL;
SN824;Première ALL;
SN825;Première ALL;
SN416;Première ALL;
SN417;Première ALL;
SN826;Première ALL;
SN418;Première ALL;
SN419;Première ALL;
SN420;Première ALL;
SN827;Première ALL;
SN421;Première ALL;
SN422;Première ALL;
SN423;Première ALL;
SN424;Première ALL;
SN425;Première ALL;
SN397;Première ALL;
SN398;Première ALL;
SN399;Première ALL;
SN400;Première ALL;
SN401;Première ALL;
SN402;Première ALL;
SN403;Première ALL;
SN404;Première ALL;
SN405;Première ALL;
SN406;Première ALL;
SN407;Première ALL;
SN408;Première ALL;
SN777;Première C;
SN815;Première C;
SN790;Première C;
SN787;Première C;
SN778;Première C;
SN816;Première C;
SN774;Première C;
SN784;Première C;
SN781;Première C;
SN780;Première C;
SN821;Première C;
SN775;Première C;
SN782;Première C;
SN772;Première C;
SN786;Première C;
SN771;Première C;
SN788;Première C;
SN779;Première C;
SN817;Première C;
SN785;Première C;
SN818;Première C;
SN783;Première C;
SN773;Première C;
SN550;Première D1;
SN549;Première D1;
SN548;Première D1;
SN846;Première D1;
SN547;Première D1;
SN546;Première D1;
SN847;Première D1;
SN545;Première D1;
SN848;Première D1;
SN544;Première D1;
SN543;Première D1;
SN542;Première D1;
SN854;Première D1;
SN541;Première D1;
SN540;Première D1;
SN539;Première D1;
SN538;Première D1;
SN537;Première D1;
SN536;Première D1;
SN521;Première D1;
SN535;Première D1;
SN534;Première D1;
SN533;Première D1;
SN532;Première D1;
SN531;Première D1;
SN530;Première D1;
SN529;Première D1;
SN528;Première D1;
SN527;Première D1;
SN526;Première D1;
SN849;Première D1;
SN850;Première D1;
SN520;Première D1;
SN525;Première D1;
SN524;Première D1;
SN523;Première D1;
SN501;Première D1;
SN522;Première D1;
SN519;Première D1;
SN851;Première D1;
SN515;Première D1;
SN917;Première D1;
SN518;Première D1;
SN517;Première D1;
SN516;Première D1;
SN514;Première D1;
SN513;Première D1;
SN512;Première D1;
SN511;Première D1;
SN852;Première D1;
SN853;Première D1;
SN510;Première D1;
SN509;Première D1;
SN508;Première D1;
SN507;Première D1;
SN506;Première D1;
SN505;Première D1;
SN504;Première D1;
SN503;Première D1;
SN502;Première D1;
SN796;Première D2;
SN770;Première D2;
SN789;Première D2;
SN792;Première D2;
SN834;Première D2;
SN793;Première D2;
SN794;Première D2;
SN833;Première D2;
SN832;Première D2;
SN831;Première D2;
SN830;Première D2;
SN829;Première D2;
SN795;Première D2;
SN828;Première D2;
SN776;Première D2;
SN791;Première D2;
SN271;Quatrième M1;
SN275;Quatrième M1;
SN654;Quatrième M1;
SN264;Quatrième M1;
SN278;Quatrième M1;
SN269;Quatrième M1;
SN258;Quatrième M1;
SN257;Quatrième M1;
SN259;Quatrième M1;
SN261;Quatrième M1;
SN270;Quatrième M1;
SN262;Quatrième M1;
SN263;Quatrième M1;
SN273;Quatrième M1;
SN256;Quatrième M1;
SN268;Quatrième M1;
SN843;Quatrième M1;
SN260;Quatrième M1;
SN276;Quatrième M1;
SN277;Quatrième M1;
SN265;Quatrième M1;
SN272;Quatrième M1;
SN266;Quatrième M1;
SN267;Quatrième M1;
SN274;Quatrième M1;
SN284;Quatrième M2;
SN322;Quatrième M2;
SN320;Quatrième M2;
SN312;Quatrième M2;
SN878;Quatrième M2;
SN302;Quatrième M2;
SN315;Quatrième M2;
SN291;Quatrième M2;
SN313;Quatrième M2;
SN877;Quatrième M2;
SN299;Quatrième M2;
SN287;Quatrième M2;
SN304;Quatrième M2;
SN286;Quatrième M2;
SN300;Quatrième M2;
SN317;Quatrième M2;
SN297;Quatrième M2;
SN314;Quatrième M2;
SN294;Quatrième M2;
SN305;Quatrième M2;
SN283;Quatrième M2;
SN279;Quatrième M2;
SN292;Quatrième M2;
SN293;Quatrième M2;
SN296;Quatrième M2;
SN303;Quatrième M2;
SN280;Quatrième M2;
SN323;Quatrième M2;
SN879;Quatrième M2;
SN324;Quatrième M2;
SN321;Quatrième M2;
SN311;Quatrième M2;
SN298;Quatrième M2;
SN289;Quatrième M2;
SN309;Quatrième M2;
SN290;Quatrième M2;
SN318;Quatrième M2;
SN319;Quatrième M2;
SN307;Quatrième M2;
SN301;Quatrième M2;
SN295;Quatrième M2;
SN282;Quatrième M2;
SN310;Quatrième M2;
SN306;Quatrième M2;
SN285;Quatrième M2;
SN281;Quatrième M2;
SN308;Quatrième M2;
SN288;Quatrième M2;
SN316;Quatrième M2;
SN690;Seconde A4;
SN898;Seconde A4;
SN708;Seconde A4;
SN686;Seconde A4;
SN694;Seconde A4;
SN899;Seconde A4;
SN693;Seconde A4;
SN897;Seconde A4;
SN685;Seconde A4;
SN709;Seconde A4;
SN900;Seconde A4;
SN697;Seconde A4;
SN705;Seconde A4;
SN700;Seconde A4;
SN698;Seconde A4;
SN691;Seconde A4;
SN896;Seconde A4;
SN704;Seconde A4;
SN699;Seconde A4;
SN696;Seconde A4;
SN701;Seconde A4;
SN689;Seconde A4;
SN695;Seconde A4;
SN684;Seconde A4;
SN688;Seconde A4;
SN703;Seconde A4;
SN683;Seconde A4;
SN687;Seconde A4;
SN692;Seconde A4;
SN702;Seconde A4;
SN707;Seconde A4;
SN706;Seconde A4;
SN681;Seconde C;
SN651;Seconde C;
SN670;Seconde C;
SN669;Seconde C;
SN666;Seconde C;
SN656;Seconde C;
SN650;Seconde C;
SN677;Seconde C;
SN657;Seconde C;
SN682;Seconde C;
SN675;Seconde C;
SN679;Seconde C;
SN663;Seconde C;
SN662;Seconde C;
SN653;Seconde C;
SN680;Seconde C;
SN678;Seconde C;
SN673;Seconde C;
SN674;Seconde C;
SN661;Seconde C;
SN646;Seconde C;
SN910;Seconde C;
SN671;Seconde C;
SN645;Seconde C;
SN658;Seconde C;
SN676;Seconde C;
SN922;Seconde C;
SN911;Seconde C;
SN649;Seconde C;
SN912;Seconde C;
SN660;Seconde C;
SN664;Seconde C;
SN647;Seconde C;
SN672;Seconde C;
SN665;Seconde C;
SN652;Seconde C;
SN668;Seconde C;
SN648;Seconde C;
SN659;Seconde C;
SN655;Seconde C;
SN140;Sixieme M1;
SN166;Sixieme M1;
SN142;Sixieme M1;
SN149;Sixieme M1;
SN179;Sixieme M1;
SN158;Sixieme M1;
SN147;Sixieme M1;
SN141;Sixieme M1;
SN162;Sixieme M1;
SN189;Sixieme M1;
SN154;Sixieme M1;
SN173;Sixieme M1;
SN194;Sixieme M1;
SN145;Sixieme M1;
SN165;Sixieme M1;
SN172;Sixieme M1;
SN139;Sixieme M1;
SN161;Sixieme M1;
SN193;Sixieme M1;
SN183;Sixieme M1;
SN181;Sixieme M1;
SN200;Sixieme M1;
SN164;Sixieme M1;
SN180;Sixieme M1;
SN178;Sixieme M1;
SN156;Sixieme M1;
SN175;Sixieme M1;
SN176;Sixieme M1;
SN170;Sixieme M1;
SN187;Sixieme M1;
SN841;Sixieme M1;
SN151;Sixieme M1;
SN138;Sixieme M1;
SN168;Sixieme M1;
SN157;Sixieme M1;
SN182;Sixieme M1;
SN177;Sixieme M1;
SN163;Sixieme M1;
SN143;Sixieme M1;
SN135;Sixieme M1;
SN169;Sixieme M1;
SN196;Sixieme M1;
SN186;Sixieme M1;
SN153;Sixieme M1;
SN185;Sixieme M1;
SN192;Sixieme M1;
SN188;Sixieme M1;
SN171;Sixieme M1;
SN919;Sixieme M1;
SN198;Sixieme M1;
SN190;Sixieme M1;
SN155;Sixieme M1;
SN199;Sixieme M1;
SN174;Sixieme M1;
SN160;Sixieme M1;
SN150;Sixieme M1;
SN146;Sixieme M1;
SN159;Sixieme M1;
SN195;Sixieme M1;
SN167;Sixieme M1;
SN840;Sixieme M1;
SN137;Sixieme M1;
SN136;Sixieme M1;
SN842;Sixieme M1;
SN152;Sixieme M1;
SN144;Sixieme M1;
SN197;Sixieme M1;
SN148;Sixieme M1;
SN191;Sixieme M1;
SN184;Sixieme M1;
SN81;Sixieme M2;
SN13;Sixieme M2;
SN73;Sixieme M2;
SN7;Sixieme M2;
SN134;Sixieme M2;
SN130;Sixieme M2;
SN17;Sixieme M2;
SN14;Sixieme M2;
SN101;Sixieme M2;
SN66;Sixieme M2;
SN124;Sixieme M2;
SN89;Sixieme M2;
SN129;Sixieme M2;
SN114;Sixieme M2;
SN92;Sixieme M2;
SN105;Sixieme M2;
SN104;Sixieme M2;
SN67;Sixieme M2;
SN11;Sixieme M2;
SN64;Sixieme M2;
SN100;Sixieme M2;
SN132;Sixieme M2;
SN98;Sixieme M2;
SN15;Sixieme M2;
SN9;Sixieme M2;
SN103;Sixieme M2;
SN20;Sixieme M2;
SN16;Sixieme M2;
SN108;Sixieme M2;
SN121;Sixieme M2;
SN44;Sixieme M2;
SN111;Sixieme M2;
SN118;Sixieme M2;
SN6;Sixieme M2;
SN133;Sixieme M2;
SN71;Sixieme M2;
SN48;Sixieme M2;
SN122;Sixieme M2;
SN128;Sixieme M2;
SN882;Sixieme M2;
SN19;Sixieme M2;
SN21;Sixieme M2;
SN126;Sixieme M2;
SN131;Sixieme M2;
SN115;Sixieme M2;
SN61;Sixieme M2;
SN76;Sixieme M2;
SN84;Sixieme M2;
SN107;Sixieme M2;
SN116;Sixieme M2;
SN78;Sixieme M2;
SN99;Sixieme M2;
SN8;Sixieme M2;
SN880;Sixieme M2;
SN106;Sixieme M2;
SN45;Sixieme M2;
SN881;Sixieme M2;
SN5;Sixieme M2;
SN91;Sixieme M2;
SN117;Sixieme M2;
SN127;Sixieme M2;
SN113;Sixieme M2;
SN125;Sixieme M2;
SN18;Sixieme M2;
SN12;Sixieme M2;
SN119;Sixieme M2;
SN42;Sixieme M2;
SN883;Sixieme M2;
SN123;Sixieme M2;
SN4;Sixieme M2;
SN120;Sixieme M2;
SN10;Sixieme M2;
SN102;Sixieme M2;
SN112;Sixieme M2;
SN611;Terminale A4;
SN637;Terminale A4;
SN858;Terminale A4;
SN588;Terminale A4;
SN643;Terminale A4;
SN631;Terminale A4;
SN599;Terminale A4;
SN633;Terminale A4;
SN586;Terminale A4;
SN913;Terminale A4;
SN866;Terminale A4;
SN598;Terminale A4;
SN600;Terminale A4;
SN585;Terminale A4;
SN615;Terminale A4;
SN612;Terminale A4;
SN640;Terminale A4;
SN859;Terminale A4;
SN595;Terminale A4;
SN638;Terminale A4;
SN634;Terminale A4;
SN590;Terminale A4;
SN606;Terminale A4;
SN593;Terminale A4;
SN620;Terminale A4;
SN607;Terminale A4;
SN894;Terminale A4;
SN581;Terminale A4;
SN589;Terminale A4;
SN629;Terminale A4;
SN623;Terminale A4;
SN639;Terminale A4;
SN605;Terminale A4;
SN608;Terminale A4;
SN641;Terminale A4;
SN603;Terminale A4;
SN614;Terminale A4;
SN597;Terminale A4;
SN587;Terminale A4;
SN583;Terminale A4;
SN613;Terminale A4;
SN632;Terminale A4;
SN630;Terminale A4;
SN644;Terminale A4;
SN596;Terminale A4;
SN635;Terminale A4;
SN591;Terminale A4;
SN592;Terminale A4;
SN860;Terminale A4;
SN604;Terminale A4;
SN864;Terminale A4;
SN594;Terminale A4;
SN617;Terminale A4;
SN601;Terminale A4;
SN642;Terminale A4;
SN610;Terminale A4;
SN636;Terminale A4;
SN618;Terminale A4;
SN602;Terminale A4;
SN609;Terminale A4;
SN622;Terminale A4;
SN861;Terminale A4;
SN862;Terminale A4;
SN863;Terminale A4;
SN628;Terminale A4;
SN444;Terminale C;
SN426;Terminale C;
SN428;Terminale C;
SN437;Terminale C;
SN435;Terminale C;
SN433;Terminale C;
SN429;Terminale C;
SN438;Terminale C;
SN430;Terminale C;
SN440;Terminale C;
SN434;Terminale C;
SN439;Terminale C;
SN442;Terminale C;
SN443;Terminale C;
SN432;Terminale C;
SN427;Terminale C;
SN436;Terminale C;
SN431;Terminale C;
SN441;Terminale C;
SN231;Terminale D;
SN252;Terminale D;
SN222;Terminale D;
SN225;Terminale D;
SN250;Terminale D;
SN229;Terminale D;
SN219;Terminale D;
SN240;Terminale D;
SN251;Terminale D;
SN213;Terminale D;
SN209;Terminale D;
SN232;Terminale D;
SN245;Terminale D;
SN201;Terminale D;
SN249;Terminale D;
SN230;Terminale D;
SN243;Terminale D;
SN212;Terminale D;
SN235;Terminale D;
SN227;Terminale D;
SN241;Terminale D;
SN236;Terminale D;
SN208;Terminale D;
SN207;Terminale D;
SN224;Terminale D;
SN244;Terminale D;
SN876;Terminale D;
SN242;Terminale D;
SN248;Terminale D;
SN246;Terminale D;
SN238;Terminale D;
SN233;Terminale D;
SN247;Terminale D;
SN221;Terminale D;
SN214;Terminale D;
SN203;Terminale D;
SN228;Terminale D;
SN206;Terminale D;
SN211;Terminale D;
SN202;Terminale D;
SN226;Terminale D;
SN223;Terminale D;
SN220;Terminale D;
SN237;Terminale D;
SN217;Terminale D;
SN210;Terminale D;
SN253;Terminale D;
SN205;Terminale D;
SN234;Terminale D;
SN239;Terminale D;
SN218;Terminale D;
SN254;Terminale D;
SN820;Terminale D;
SN204;Terminale D;
SN819;Terminale D;
SN216;Terminale D;
SN215;Terminale D;
SN255;Terminale D;
SN766;Tle Tech (BP3);
SN768;Tle Tech (BP3);
SN765;Tle Tech (BP3);
SN769;Tle Tech (BP3);
SN767;Tle Tech (BP3);
SN764;Tle Tech (BP3);
SN798;Tle Tech (ESF);
SN799;Tle Tech (ESF);
SN797;Tle Tech (ESF);
SN762;Tle Tech (ESF);
SN884;Troisième M1;
SN872;Troisième M1;
SN350;Troisième M1;
SN885;Troisième M1;
SN328;Troisième M1;
SN886;Troisième M1;
SN345;Troisième M1;
SN353;Troisième M1;
SN341;Troisième M1;
SN338;Troisième M1;
SN887;Troisième M1;
SN888;Troisième M1;
SN889;Troisième M1;
SN890;Troisième M1;
SN891;Troisième M1;
SN334;Troisième M1;
SN921;Troisième M1;
SN327;Troisième M1;
SN348;Troisième M1;
SN336;Troisième M1;
SN340;Troisième M1;
SN892;Troisième M1;
SN342;Troisième M1;
SN326;Troisième M1;
SN349;Troisième M1;
SN351;Troisième M1;
SN924;Troisième M1;
SN331;Troisième M1;
SN335;Troisième M1;
SN337;Troisième M1;
SN893;Troisième M1;
SN343;Troisième M1;
SN346;Troisième M1;
SN339;Troisième M1;
SN333;Troisième M1;
SN347;Troisième M1;
SN918;Troisième M1;
SN352;Troisième M1;
SN344;Troisième M1;
SN332;Troisième M1;
SN329;Troisième M1;
SN325;Troisième M1;
SN330;Troisième M1;
SN354;Troisième M2;
SN357;Troisième M2;
SN359;Troisième M2;
SN901;Troisième M2;
SN362;Troisième M2;
SN364;Troisième M2;
SN902;Troisième M2;
SN367;Troisième M2;
SN370;Troisième M2;
SN372;Troisième M2;
SN903;Troisième M2;
SN904;Troisième M2;
SN375;Troisième M2;
SN378;Troisième M2;
SN379;Troisième M2;
SN380;Troisième M2;
SN381;Troisième M2;
SN916;Troisième M2;
SN382;Troisième M2;
SN383;Troisième M2;
SN386;Troisième M2;
SN395;Troisième M2;
SN389;Troisième M2;
SN392;Troisième M2;
SN394;Troisième M2;
SN376;Troisième M2;
SN377;Troisième M2;
SN384;Troisième M2;
SN385;Troisième M2;
SN905;Troisième M2;
SN387;Troisième M2;
SN906;Troisième M2;
SN915;Troisième M2;
SN388;Troisième M2;
SN390;Troisième M2;
SN391;Troisième M2;
SN393;Troisième M2;
SN396;Troisième M2;
SN355;Troisième M2;
SN356;Troisième M2;
SN358;Troisième M2;
SN907;Troisième M2;
SN360;Troisième M2;
SN361;Troisième M2;
SN363;Troisième M2;
SN365;Troisième M2;
SN908;Troisième M2;
SN366;Troisième M2;
SN368;Troisième M2;
SN369;Troisième M2;
SN371;Troisième M2;
SN373;Troisième M2;
SN909;Troisième M2;
SN374;Troisième M2;
SN739;Troisième M3;
SN733;Troisième M3;
SN726;Troisième M3;
SN626;Troisième M3;
SN732;Troisième M3;
SN731;Troisième M3;
SN727;Troisième M3;
SN738;Troisième M3;
SN747;Troisième M3;
SN713;Troisième M3;
SN712;Troisième M3;
SN742;Troisième M3;
SN729;Troisième M3;
SN667;Troisième M3;
SN710;Troisième M3;
SN745;Troisième M3;
SN715;Troisième M3;
SN721;Troisième M3;
SN755;Troisième M3;
SN753;Troisième M3;
SN624;Troisième M3;
SN754;Troisième M3;
SN627;Troisième M3;
SN616;Troisième M3;
SN895;Troisième M3;
SN716;Troisième M3;
SN749;Troisième M3;
SN741;Troisième M3;
SN837;Troisième M3;
SN838;Troisième M3;
SN746;Troisième M3;
SN728;Troisième M3;
SN756;Troisième M3;
SN839;Troisième M3;
SN718;Troisième M3;
SN744;Troisième M3;
SN711;Troisième M3;
SN730;Troisième M3;
SN719;Troisième M3;
SN625;Troisième M3;
SN734;Troisième M3;
SN714;Troisième M3;
SN737;Troisième M3;
SN720;Troisième M3;
SN750;Troisième M3;
SN757;Troisième M3;
SN717;Troisième M3;
SN723;Troisième M3;
SN735;Troisième M3;
SN736;Troisième M3;
SN740;Troisième M3;
SN751;Troisième M3;
SN725;Troisième M3;
SN619;Troisième M3;
SN748;Troisième M3;
SN621;Troisième M3;
SN752;Troisième M3;
SN722;Troisième M3;
SN743;Troisième M3;
SN836;Troisième M3;
SN724;Troisième M3;
